Pincode,City,District,Final State,Type of Pincode,New Pincode Mapping (Cr Add),Type of Red (Finalised),Type of Non-Operational Red,Postal Mapping,Disbursals
402824,Mumbai,Mumbai,Maharashtra,Operational,Green,,,,76
405506,Thane,Thane,Maharashtra,Operational,Green,,,,27
404657,Nagpur,Nagpur,Maharashtra,Red,,Delinquency,,,117
402679,Pune,Pune,Maharashtra,Operational,Green,,,,42
407912,Mumbai,Mumbai,Maharashtra,Red,,Delinquency,,,129
401488,Pune,Pune,Maharashtra,Operational,Green,,,,109
404582,Thane,Thane,Maharashtra,Operational,Green,,,,185
409279,Mumbai,Mumbai,Maharashtra,Operational,Green,,,,20
404257,Solapur,Solapur,Maharashtra,Operational,Green,,,,71
404611,Kolhapur,Kolhapur,Maharashtra,Operational,Green,,,,90
405557,Mumbai,Mumbai,Maharashtra,Red,,Delinquency,,,142
403615,Solapur,Solapur,Maharashtra,Red,,Delinquency,,,11
406574,Nashik,Nashik,Maharashtra,Operational,Green,,,,126
403547,Thane,Thane,Maharashtra,Red,,Delinquency,,,118
406514,Pune,Pune,Maharashtra,Operational,Green,,,,182
402519,Solapur,Solapur,Maharashtra,Operational,Green,,,,151
402584,Aurangabad,Aurangabad,Maharashtra,Operational,Green,,,,155
406635,Nashik,Nashik,Maharashtra,Operational,Green,,,,60
401711,Kolhapur,Kolhapur,Maharashtra,Operational,Green,,,,120
409785,Pune,Pune,Maharashtra,Operational,Green,,,,22
407201,Pune,Pune,Maharashtra,Red,,Delinquency,,,43
405803,Aurangabad,Aurangabad,Maharashtra,Operational,Green,,,,81
404150,Pune,Pune,Maharashtra,Operational,Green,,,,49
401750,Thane,Thane,Maharashtra,Operational,Green,,,,168
405741,Pune,Pune,Maharashtra,Red,,Delinquency,,,148
404814,Pune,Pune,Maharashtra,Red,,Delinquency,,,84
407227,Nashik,Nashik,Maharashtra,Operational,Green,,,,80
408428,Aurangabad,Aurangabad,Maharashtra,Red,,Delinquency,,,88
403664,Aurangabad,Aurangabad,Maharashtra,Operational,Green,,,,160
406820,Thane,Thane,Maharashtra,Red,,Delinquency,,,70
405374,Pune,Pune,Maharashtra,Red,,Delinquency,,,5
403803,Thane,Thane,Maharashtra,Operational,Green,,,,110
403677,Kolhapur,Kolhapur,Maharashtra,Operational,Green,,,,121
407216,Nashik,Nashik,Maharashtra,Red,,Delinquency,,,150
404598,Aurangabad,Aurangabad,Maharashtra,Operational,Green,,,,159
401916,Thane,Thane,Maharashtra,Operational,Green,,,,133
401525,Aurangabad,Aurangabad,Maharashtra,Operational,Green,,,,20
407572,Nashik,Nashik,Maharashtra,Red,,Delinquency,,,129
402084,Thane,Thane,Maharashtra,Red,,Delinquency,,,193
406155,Thane,Thane,Maharashtra,Operational,Green,,,,192
409179,Solapur,Solapur,Maharashtra,Red,,Delinquency,,,96
408517,Nagpur,Nagpur,Maharashtra,Operational,Green,,,,195
405339,Nagpur,Nagpur,Maharashtra,Operational,Green,,,,82
405040,Nashik,Nashik,Maharashtra,Operational,Green,,,,196
408019,Solapur,Solapur,Maharashtra,Operational,Green,,,,93
406930,Thane,Thane,Maharashtra,Operational,Green,,,,137
403266,Kolhapur,Kolhapur,Maharashtra,Operational,Green,,,,175
402489,Mumbai,Mumbai,Maharashtra,Operational,Green,,,,197
402796,Nagpur,Nagpur,Maharashtra,Red,,Delinquency,,,36
403621,Solapur,Solapur,Maharashtra,Operational,Green,,,,177
402040,Solapur,Solapur,Maharashtra,Operational,Green,,,,119
407252,Kolhapur,Kolhapur,Maharashtra,Operational,Green,,,,183
409669,Nashik,Nashik,Maharashtra,Non-Operational,,,,,122
401188,Pune,Pune,Maharashtra,Operational,Green,,,,33
409797,Nashik,Nashik,Maharashtra,Operational,Green,,,,69
406573,Pune,Pune,Maharashtra,Operational,Green,,,,97
405808,Solapur,Solapur,Maharashtra,Red,,Delinquency,,,124
403591,Kolhapur,Kolhapur,Maharashtra,Operational,Green,,,,45
401053,Nashik,Nashik,Maharashtra,Operational,Green,,,,120
409201,Nagpur,Nagpur,Maharashtra,Red,,Delinquency,,,192
409317,Pune,Pune,Maharashtra,Operational,Green,,,,32
405889,Thane,Thane,Maharashtra,Red,,Delinquency,,,7
403504,Aurangabad,Aurangabad,Maharashtra,Operational,Green,,,,29
403646,Mumbai,Mumbai,Maharashtra,Non-Operational,,,,,29
406310,Kolhapur,Kolhapur,Maharashtra,Operational,Green,,,,189
401319,Pune,Pune,Maharashtra,Non-Operational,,,,,111
406947,Nashik,Nashik,Maharashtra,Red,,Delinquency,,,98
404923,Mumbai,Mumbai,Maharashtra,Operational,Green,,,,98
404946,Pune,Pune,Maharashtra,Operational,Green,,,,196
402403,Kolhapur,Kolhapur,Maharashtra,Operational,Green,,,,122
402133,Nagpur,Nagpur,Maharashtra,Red,,Delinquency,,,43
403103,Kolhapur,Kolhapur,Maharashtra,Operational,Green,,,,15
403705,Nashik,Nashik,Maharashtra,Operational,Green,,,,67
409645,Solapur,Solapur,Maharashtra,Red,,Delinquency,,,138
404470,Thane,Thane,Maharashtra,Red,,Delinquency,,,175
406107,Solapur,Solapur,Maharashtra,Red,,Delinquency,,,100
407118,Kolhapur,Kolhapur,Maharashtra,Operational,Green,,,,161
409479,Kolhapur,Kolhapur,Maharashtra,Operational,Green,,,,183
402982,Thane,Thane,Maharashtra,Non-Operational,,,,,103
404681,Pune,Pune,Maharashtra,Non-Operational,,,,,134
406539,Mumbai,Mumbai,Maharashtra,Operational,Green,,,,129
404770,Thane,Thane,Maharashtra,Non-Operational,,,,,155
401117,Pune,Pune,Maharashtra,Operational,Green,,,,61
401964,Thane,Thane,Maharashtra,Non-Operational,,,,,18
402104,Mumbai,Mumbai,Maharashtra,Operational,Green,,,,171
406413,Pune,Pune,Maharashtra,Operational,Green,,,,189
409423,Thane,Thane,Maharashtra,Red,,Delinquency,,,187
405562,Kolhapur,Kolhapur,Maharashtra,Red,,Delinquency,,,71
404510,Nagpur,Nagpur,Maharashtra,Red,,Delinquency,,,24
408744,Thane,Thane,Maharashtra,Operational,Green,,,,83
408749,Solapur,Solapur,Maharashtra,Non-Operational,,,,,76
404119,Pune,Pune,Maharashtra,Non-Operational,,,,,136
402588,Solapur,Solapur,Maharashtra,Operational,Green,,,,106
406804,Solapur,Solapur,Maharashtra,Red,,Delinquency,,,89
407735,Kolhapur,Kolhapur,Maharashtra,Operational,Green,,,,72
401887,Pune,Pune,Maharashtra,Red,,Delinquency,,,43
401993,Solapur,Solapur,Maharashtra,Red,,Delinquency,,,198
406559,Pune,Pune,Maharashtra,Red,,Delinquency,,,196
405073,Thane,Thane,Maharashtra,Operational,Green,,,,166
404116,Kolhapur,Kolhapur,Maharashtra,Red,,Delinquency,,,24
403296,Solapur,Solapur,Maharashtra,Operational,Green,,,,55
404006,Nashik,Nashik,Maharashtra,Red,,Delinquency,,,185
408579,Thane,Thane,Maharashtra,Operational,Green,,,,184
402235,Kolhapur,Kolhapur,Maharashtra,Operational,Green,,,,196
402604,Mumbai,Mumbai,Maharashtra,Operational,Green,,,,24
409856,Mumbai,Mumbai,Maharashtra,Operational,Green,,,,13
402528,Thane,Thane,Maharashtra,Red,,Delinquency,,,56
403724,Solapur,Solapur,Maharashtra,Operational,Green,,,,4
408956,Kolhapur,Kolhapur,Maharashtra,Red,,Delinquency,,,112
404502,Solapur,Solapur,Maharashtra,Red,,Delinquency,,,32
401960,Nagpur,Nagpur,Maharashtra,Red,,Delinquency,,,191
407209,Mumbai,Mumbai,Maharashtra,Operational,Green,,,,108
407396,Nashik,Nashik,Maharashtra,Operational,Green,,,,172
408454,Nashik,Nashik,Maharashtra,Operational,Green,,,,95
407930,Kolhapur,Kolhapur,Maharashtra,Operational,Green,,,,193
403536,Thane,Thane,Maharashtra,Operational,Green,,,,177
405861,Thane,Thane,Maharashtra,Operational,Green,,,,196
401958,Mumbai,Mumbai,Maharashtra,Red,,Delinquency,,,151
406138,Mumbai,Mumbai,Maharashtra,Operational,Green,,,,192
401821,Kolhapur,Kolhapur,Maharashtra,Red,,Delinquency,,,143
569238,Shivamogga,Shivamogga,Karnataka,Operational,Green,,,,24
569701,Mysuru,Mysuru,Karnataka,Operational,Green,,,,13
561931,Belagavi,Belagavi,Karnataka,Operational,Green,,,,129
562312,Shivamogga,Shivamogga,Karnataka,Operational,Green,,,,112
564044,Bengaluru Urban,Bengaluru Urban,Karnataka,Operational,Green,,,,70
562113,Davanagere,Davanagere,Karnataka,Red,,Delinquency,,,15
564853,Dakshina Kannada,Dakshina Kannada,Karnataka,Operational,Green,,,,60
562964,Belagavi,Belagavi,Karnataka,Red,,Delinquency,,,193
565033,Belagavi,Belagavi,Karnataka,Operational,Green,,,,177
561651,Belagavi,Belagavi,Karnataka,Operational,Green,,,,118
562343,Dakshina Kannada,Dakshina Kannada,Karnataka,Red,,Delinquency,,,97
569565,Dharwad,Dharwad,Karnataka,Operational,Green,,,,108
565272,Mysuru,Mysuru,Karnataka,Operational,Green,,,,100
566147,Mysuru,Mysuru,Karnataka,Operational,Green,,,,57
565351,Dakshina Kannada,Dakshina Kannada,Karnataka,Red,,Delinquency,,,80
563144,Davanagere,Davanagere,Karnataka,Operational,Green,,,,133
565915,Dakshina Kannada,Dakshina Kannada,Karnataka,Operational,Green,,,,111
566180,Shivamogga,Shivamogga,Karnataka,Non-Operational,,,,,22
562188,Bengaluru Urban,Bengaluru Urban,Karnataka,Operational,Green,,,,182
568508,Belagavi,Belagavi,Karnataka,Red,,Delinquency,,,135
562638,Bengaluru Urban,Bengaluru Urban,Karnataka,Operational,Green,,,,142
569808,Mysuru,Mysuru,Karnataka,Red,,Delinquency,,,69
569288,Dharwad,Dharwad,Karnataka,Operational,Green,,,,182
563170,Dharwad,Dharwad,Karnataka,Red,,Delinquency,,,99
562127,Mysuru,Mysuru,Karnataka,Operational,Green,,,,111
567054,Dharwad,Dharwad,Karnataka,Operational,Green,,,,149
563584,Dakshina Kannada,Dakshina Kannada,Karnataka,Red,,Delinquency,,,28
569900,Davanagere,Davanagere,Karnataka,Red,,Delinquency,,,16
565956,Belagavi,Belagavi,Karnataka,Operational,Green,,,,81
569666,Bengaluru Urban,Bengaluru Urban,Karnataka,Red,,Delinquency,,,23
565905,Davanagere,Davanagere,Karnataka,Operational,Green,,,,131
562697,Mysuru,Mysuru,Karnataka,Operational,Green,,,,15
565333,Bengaluru Urban,Bengaluru Urban,Karnataka,Operational,Green,,,,110
562753,Davanagere,Davanagere,Karnataka,Operational,Green,,,,178
563546,Dharwad,Dharwad,Karnataka,Operational,Green,,,,121
565616,Belagavi,Belagavi,Karnataka,Red,,Delinquency,,,6
564450,Davanagere,Davanagere,Karnataka,Non-Operational,,,,,197
566617,Mysuru,Mysuru,Karnataka,Operational,Green,,,,138
565325,Belagavi,Belagavi,Karnataka,Operational,Green,,,,80
569004,Dharwad,Dharwad,Karnataka,Operational,Green,,,,118
561832,Bengaluru Urban,Bengaluru Urban,Karnataka,Red,,Delinquency,,,56
567939,Shivamogga,Shivamogga,Karnataka,Red,,Delinquency,,,83
565533,Bengaluru Urban,Bengaluru Urban,Karnataka,Operational,Green,,,,179
561058,Dharwad,Dharwad,Karnataka,Operational,Green,,,,104
563143,Davanagere,Davanagere,Karnataka,Red,,Delinquency,,,141
565291,Mysuru,Mysuru,Karnataka,Operational,Green,,,,58
568239,Belagavi,Belagavi,Karnataka,Red,,Delinquency,,,9
568007,Belagavi,Belagavi,Karnataka,Red,,Delinquency,,,61
561158,Bengaluru Urban,Bengaluru Urban,Karnataka,Operational,Green,,,,36
562232,Davanagere,Davanagere,Karnataka,Non-Operational,,,,,164
563442,Belagavi,Belagavi,Karnataka,Operational,Green,,,,145
561590,Shivamogga,Shivamogga,Karnataka,Red,,Delinquency,,,85
567049,Belagavi,Belagavi,Karnataka,Red,,Delinquency,,,191
563426,Dakshina Kannada,Dakshina Kannada,Karnataka,Operational,Green,,,,154
563088,Bengaluru Urban,Bengaluru Urban,Karnataka,Operational,Green,,,,61
566050,Dharwad,Dharwad,Karnataka,Red,,Delinquency,,,142
561653,Dharwad,Dharwad,Karnataka,Operational,Green,,,,20
564441,Davanagere,Davanagere,Karnataka,Operational,Green,,,,127
565088,Davanagere,Davanagere,Karnataka,Operational,Green,,,,42
562684,Dharwad,Dharwad,Karnataka,Operational,Green,,,,0
567658,Belagavi,Belagavi,Karnataka,Red,,Delinquency,,,109
563532,Mysuru,Mysuru,Karnataka,Operational,Green,,,,7
563662,Shivamogga,Shivamogga,Karnataka,Operational,Green,,,,8
563900,Dakshina Kannada,Dakshina Kannada,Karnataka,Operational,Green,,,,175
561406,Mysuru,Mysuru,Karnataka,Operational,Green,,,,179
566442,Shivamogga,Shivamogga,Karnataka,Red,,Delinquency,,,88
567745,Shivamogga,Shivamogga,Karnataka,Operational,Green,,,,17
565065,Dharwad,Dharwad,Karnataka,Operational,Green,,,,23
563608,Shivamogga,Shivamogga,Karnataka,Operational,Green,,,,51
562771,Dakshina Kannada,Dakshina Kannada,Karnataka,Operational,Green,,,,146
561634,Shivamogga,Shivamogga,Karnataka,Operational,Green,,,,110
568711,Mysuru,Mysuru,Karnataka,Red,,Delinquency,,,109
564269,Shivamogga,Shivamogga,Karnataka,Non-Operational,,,,,198
568541,Dharwad,Dharwad,Karnataka,Red,,Delinquency,,,91
566000,Shivamogga,Shivamogga,Karnataka,Red,,Delinquency,,,19
564728,Mysuru,Mysuru,Karnataka,Operational,Green,,,,143
561387,Davanagere,Davanagere,Karnataka,Operational,Green,,,,92
564164,Dakshina Kannada,Dakshina Kannada,Karnataka,Operational,Green,,,,58
566378,Dharwad,Dharwad,Karnataka,Operational,Green,,,,77
562137,Shivamogga,Shivamogga,Karnataka,Operational,Green,,,,51
565573,Dharwad,Dharwad,Karnataka,Operational,Green,,,,19
569346,Dakshina Kannada,Dakshina Kannada,Karnataka,Red,,Delinquency,,,16
569785,Dharwad,Dharwad,Karnataka,Red,,Delinquency,,,194
561452,Bengaluru Urban,Bengaluru Urban,Karnataka,Operational,Green,,,,183
565279,Mysuru,Mysuru,Karnataka,Operational,Green,,,,24
565349,Bengaluru Urban,Bengaluru Urban,Karnataka,Non-Operational,,,,,134
562776,Belagavi,Belagavi,Karnataka,Non-Operational,,,,,173
568119,Dharwad,Dharwad,Karnataka,Red,,Delinquency,,,79
566139,Dakshina Kannada,Dakshina Kannada,Karnataka,Red,,Delinquency,,,182
569379,Bengaluru Urban,Bengaluru Urban,Karnataka,Red,,Delinquency,,,39
567311,Belagavi,Belagavi,Karnataka,Red,,Delinquency,,,167
564114,Dharwad,Dharwad,Karnataka,Operational,Green,,,,159
561727,Davanagere,Davanagere,Karnataka,Red,,Delinquency,,,54
568144,Bengaluru Urban,Bengaluru Urban,Karnataka,Operational,Green,,,,52
569518,Shivamogga,Shivamogga,Karnataka,Red,,Delinquency,,,174
569821,Davanagere,Davanagere,Karnataka,Operational,Green,,,,60
564228,Dharwad,Dharwad,Karnataka,Operational,Green,,,,129
568066,Bengaluru Urban,Bengaluru Urban,Karnataka,Operational,Green,,,,154
566409,Belagavi,Belagavi,Karnataka,Operational,Green,,,,177
566143,Davanagere,Davanagere,Karnataka,Operational,Green,,,,118
563041,Davanagere,Davanagere,Karnataka,Red,,Delinquency,,,190
565920,Belagavi,Belagavi,Karnataka,Non-Operational,,,,,94
566067,Davanagere,Davanagere,Karnataka,Operational,Green,,,,189
567691,Dharwad,Dharwad,Karnataka,Operational,Green,,,,161
567592,Davanagere,Davanagere,Karnataka,Operational,Green,,,,164
565844,Belagavi,Belagavi,Karnataka,Red,,Delinquency,,,140
563085,Mysuru,Mysuru,Karnataka,Operational,Green,,,,78
567888,Davanagere,Davanagere,Karnataka,Operational,Green,,,,8
567211,Davanagere,Davanagere,Karnataka,Operational,Green,,,,197
563851,Belagavi,Belagavi,Karnataka,Red,,Delinquency,,,69
565930,Dakshina Kannada,Dakshina Kannada,Karnataka,Operational,Green,,,,49
569977,Shivamogga,Shivamogga,Karnataka,Operational,Green,,,,67
561006,Dharwad,Dharwad,Karnataka,Operational,Green,,,,177
565700,Mysuru,Mysuru,Karnataka,Red,,Delinquency,,,60
568043,Shivamogga,Shivamogga,Karnataka,Operational,Green,,,,151
566279,Dakshina Kannada,Dakshina Kannada,Karnataka,Operational,Green,,,,65
568238,Dakshina Kannada,Dakshina Kannada,Karnataka,Operational,Green,,,,92
564501,Belagavi,Belagavi,Karnataka,Red,,Delinquency,,,34
568752,Shivamogga,Shivamogga,Karnataka,Operational,Green,,,,82
563780,Davanagere,Davanagere,Karnataka,Red,,Delinquency,,,159
602389,Madurai,Madurai,Tamil Nadu,Operational,Green,,,,32
609445,Erode,Erode,Tamil Nadu,Red,,Delinquency,,,87
606491,Chennai,Chennai,Tamil Nadu,Non-Operational,,,,,18
604848,Erode,Erode,Tamil Nadu,Red,,Delinquency,,,60
606085,Coimbatore,Coimbatore,Tamil Nadu,Operational,Green,,,,188
604262,Coimbatore,Coimbatore,Tamil Nadu,Red,,Delinquency,,,89
601400,Chennai,Chennai,Tamil Nadu,Operational,Green,,,,135
605011,Salem,Salem,Tamil Nadu,Operational,Green,,,,27
602193,Salem,Salem,Tamil Nadu,Red,,Delinquency,,,188
607790,Erode,Erode,Tamil Nadu,Red,,Delinquency,,,167
604185,Erode,Erode,Tamil Nadu,Red,,Delinquency,,,89
607291,Salem,Salem,Tamil Nadu,Operational,Green,,,,160
607547,Coimbatore,Coimbatore,Tamil Nadu,Operational,Green,,,,27
603417,Erode,Erode,Tamil Nadu,Red,,Delinquency,,,171
601090,Vellore,Vellore,Tamil Nadu,Operational,Green,,,,62
602746,Vellore,Vellore,Tamil Nadu,Operational,Green,,,,52
607965,Coimbatore,Coimbatore,Tamil Nadu,Operational,Green,,,,107
603881,Vellore,Vellore,Tamil Nadu,Operational,Green,,,,176
609486,Salem,Salem,Tamil Nadu,Operational,Green,,,,130
601822,Tiruchirappalli,Tiruchirappalli,Tamil Nadu,Red,,Delinquency,,,31
605082,Vellore,Vellore,Tamil Nadu,Operational,Green,,,,189
602988,Salem,Salem,Tamil Nadu,Operational,Green,,,,185
603184,Vellore,Vellore,Tamil Nadu,Operational,Green,,,,189
608612,Erode,Erode,Tamil Nadu,Operational,Green,,,,19
609702,Tiruchirappalli,Tiruchirappalli,Tamil Nadu,Operational,Green,,,,19
606198,Vellore,Vellore,Tamil Nadu,Red,,Delinquency,,,149
608251,Tiruchirappalli,Tiruchirappalli,Tamil Nadu,Red,,Delinquency,,,146
609270,Salem,Salem,Tamil Nadu,Operational,Green,,,,169
609976,Salem,Salem,Tamil Nadu,Operational,Green,,,,129
603607,Erode,Erode,Tamil Nadu,Operational,Green,,,,145
608777,Salem,Salem,Tamil Nadu,Red,,Delinquency,,,56
605246,Vellore,Vellore,Tamil Nadu,Red,,Delinquency,,,153
605050,Vellore,Vellore,Tamil Nadu,Operational,Green,,,,16
605543,Vellore,Vellore,Tamil Nadu,Red,,Delinquency,,,166
609540,Salem,Salem,Tamil Nadu,Operational,Green,,,,161
604919,Madurai,Madurai,Tamil Nadu,Operational,Green,,,,143
608206,Chennai,Chennai,Tamil Nadu,Operational,Green,,,,108
605681,Coimbatore,Coimbatore,Tamil Nadu,Operational,Green,,,,5
605451,Madurai,Madurai,Tamil Nadu,Red,,Delinquency,,,194
606238,Tiruchirappalli,Tiruchirappalli,Tamil Nadu,Operational,Green,,,,130
602320,Coimbatore,Coimbatore,Tamil Nadu,Red,,Delinquency,,,144
603471,Coimbatore,Coimbatore,Tamil Nadu,Operational,Green,,,,169
607275,Erode,Erode,Tamil Nadu,Operational,Green,,,,162
603503,Erode,Erode,Tamil Nadu,Red,,Delinquency,,,30
604505,Chennai,Chennai,Tamil Nadu,Red,,Delinquency,,,52
607797,Salem,Salem,Tamil Nadu,Operational,Green,,,,164
606421,Tiruchirappalli,Tiruchirappalli,Tamil Nadu,Operational,Green,,,,132
608633,Salem,Salem,Tamil Nadu,Operational,Green,,,,138
602020,Coimbatore,Coimbatore,Tamil Nadu,Red,,Delinquency,,,94
607883,Salem,Salem,Tamil Nadu,Operational,Green,,,,143
601320,Vellore,Vellore,Tamil Nadu,Red,,Delinquency,,,138
607232,Salem,Salem,Tamil Nadu,Operational,Green,,,,198
601096,Madurai,Madurai,Tamil Nadu,Operational,Green,,,,168
605892,Vellore,Vellore,Tamil Nadu,Non-Operational,,,,,151
607389,Vellore,Vellore,Tamil Nadu,Operational,Green,,,,9
607865,Tiruchirappalli,Tiruchirappalli,Tamil Nadu,Operational,Green,,,,142
609947,Vellore,Vellore,Tamil Nadu,Operational,Green,,,,13
604613,Salem,Salem,Tamil Nadu,Red,,Delinquency,,,72
604595,Madurai,Madurai,Tamil Nadu,Operational,Green,,,,69
608140,Salem,Salem,Tamil Nadu,Red,,Delinquency,,,51
601475,Salem,Salem,Tamil Nadu,Operational,Green,,,,147
606507,Erode,Erode,Tamil Nadu,Operational,Green,,,,162
607624,Erode,Erode,Tamil Nadu,Operational,Green,,,,69
603704,Vellore,Vellore,Tamil Nadu,Operational,Green,,,,7
608657,Coimbatore,Coimbatore,Tamil Nadu,Operational,Green,,,,199
609751,Chennai,Chennai,Tamil Nadu,Operational,Green,,,,175
607455,Tiruchirappalli,Tiruchirappalli,Tamil Nadu,Operational,Green,,,,7
601444,Chennai,Chennai,Tamil Nadu,Operational,Green,,,,147
608022,Coimbatore,Coimbatore,Tamil Nadu,Red,,Delinquency,,,124
608564,Coimbatore,Coimbatore,Tamil Nadu,Operational,Green,,,,65
601823,Madurai,Madurai,Tamil Nadu,Non-Operational,,,,,39
607211,Madurai,Madurai,Tamil Nadu,Operational,Green,,,,163
604467,Salem,Salem,Tamil Nadu,Red,,Delinquency,,,149
606355,Madurai,Madurai,Tamil Nadu,Operational,Green,,,,23
605558,Vellore,Vellore,Tamil Nadu,Red,,Delinquency,,,99
607906,Madurai,Madurai,Tamil Nadu,Operational,Green,,,,140
602341,Salem,Salem,Tamil Nadu,Operational,Green,,,,53
601317,Erode,Erode,Tamil Nadu,Operational,Green,,,,48
609837,Chennai,Chennai,Tamil Nadu,Operational,Green,,,,155
606733,Coimbatore,Coimbatore,Tamil Nadu,Operational,Green,,,,85
602124,Vellore,Vellore,Tamil Nadu,Operational,Green,,,,100
601659,Vellore,Vellore,Tamil Nadu,Operational,Green,,,,130
601508,Coimbatore,Coimbatore,Tamil Nadu,Operational,Green,,,,173
604266,Vellore,Vellore,Tamil Nadu,Operational,Green,,,,27
601333,Tiruchirappalli,Tiruchirappalli,Tamil Nadu,Red,,Delinquency,,,199
603496,Coimbatore,Coimbatore,Tamil Nadu,Red,,Delinquency,,,69
603068,Salem,Salem,Tamil Nadu,Operational,Green,,,,64
602874,Tiruchirappalli,Tiruchirappalli,Tamil Nadu,Operational,Green,,,,70
604571,Salem,Salem,Tamil Nadu,Red,,Delinquency,,,107
605198,Vellore,Vellore,Tamil Nadu,Operational,Green,,,,48
607043,Coimbatore,Coimbatore,Tamil Nadu,Operational,Green,,,,44
602876,Vellore,Vellore,Tamil Nadu,Operational,Green,,,,48
603683,Madurai,Madurai,Tamil Nadu,Red,,Delinquency,,,88
602771,Tiruchirappalli,Tiruchirappalli,Tamil Nadu,Operational,Green,,,,14
601420,Madurai,Madurai,Tamil Nadu,Operational,Green,,,,18
607149,Salem,Salem,Tamil Nadu,Red,,Delinquency,,,121
604249,Chennai,Chennai,Tamil Nadu,Operational,Green,,,,151
604978,Chennai,Chennai,Tamil Nadu,Operational,Green,,,,22
605941,Vellore,Vellore,Tamil Nadu,Non-Operational,,,,,74
602983,Vellore,Vellore,Tamil Nadu,Red,,Delinquency,,,108
601672,Madurai,Madurai,Tamil Nadu,Operational,Green,,,,132
609728,Salem,Salem,Tamil Nadu,Operational,Green,,,,149
607071,Chennai,Chennai,Tamil Nadu,Red,,Delinquency,,,177
609289,Erode,Erode,Tamil Nadu,Operational,Green,,,,182
606590,Chennai,Chennai,Tamil Nadu,Operational,Green,,,,31
607882,Vellore,Vellore,Tamil Nadu,Red,,Delinquency,,,11
609031,Chennai,Chennai,Tamil Nadu,Operational,Green,,,,24
608102,Madurai,Madurai,Tamil Nadu,Red,,Delinquency,,,3
608532,Erode,Erode,Tamil Nadu,Operational,Green,,,,42
603506,Salem,Salem,Tamil Nadu,Operational,Green,,,,163
603885,Erode,Erode,Tamil Nadu,Red,,Delinquency,,,150
609548,Erode,Erode,Tamil Nadu,Operational,Green,,,,96
605425,Tiruchirappalli,Tiruchirappalli,Tamil Nadu,Operational,Green,,,,133
609817,Vellore,Vellore,Tamil Nadu,Red,,Delinquency,,,90
608921,Salem,Salem,Tamil Nadu,Red,,Delinquency,,,194
608136,Vellore,Vellore,Tamil Nadu,Operational,Green,,,,92
605397,Madurai,Madurai,Tamil Nadu,Red,,Delinquency,,,171
605022,Vellore,Vellore,Tamil Nadu,Red,,Delinquency,,,54
602419,Madurai,Madurai,Tamil Nadu,Operational,Green,,,,188
608385,Coimbatore,Coimbatore,Tamil Nadu,Red,,Delinquency,,,131
118613,Delhi,Delhi,Delhi,Operational,Green,,,,73
117209,Delhi,Delhi,Delhi,Operational,Green,,,,179
111470,Delhi,Delhi,Delhi,Operational,Green,,,,101
116325,Delhi,Delhi,Delhi,Operational,Green,,,,16
118988,Delhi,Delhi,Delhi,Operational,Green,,,,126
116813,Delhi,Delhi,Delhi,Red,,Delinquency,,,112
116576,Delhi,Delhi,Delhi,Operational,Green,,,,112
115526,Delhi,Delhi,Delhi,Operational,Green,,,,33
111166,Delhi,Delhi,Delhi,Operational,Green,,,,54
114130,Delhi,Delhi,Delhi,Operational,Green,,,,153
114954,Delhi,Delhi,Delhi,Operational,Green,,,,3
117658,Delhi,Delhi,Delhi,Operational,Green,,,,129
114937,Delhi,Delhi,Delhi,Operational,Green,,,,121
118800,Delhi,Delhi,Delhi,Operational,Green,,,,59
119041,Delhi,Delhi,Delhi,Operational,Green,,,,12
111282,Delhi,Delhi,Delhi,Red,,Delinquency,,,90
115820,Delhi,Delhi,Delhi,Non-Operational,,,,,179
117625,Delhi,Delhi,Delhi,Operational,Green,,,,8
114986,Delhi,Delhi,Delhi,Operational,Green,,,,70
117046,Delhi,Delhi,Delhi,Operational,Green,,,,64
119698,Delhi,Delhi,Delhi,Red,,Delinquency,,,76
117971,Delhi,Delhi,Delhi,Operational,Green,,,,145
116419,Delhi,Delhi,Delhi,Operational,Green,,,,116
118434,Delhi,Delhi,Delhi,Red,,Delinquency,,,86
116023,Delhi,Delhi,Delhi,Red,,Delinquency,,,7
114777,Delhi,Delhi,Delhi,Red,,Delinquency,,,172
114155,Delhi,Delhi,Delhi,Operational,Green,,,,52
112958,Delhi,Delhi,Delhi,Red,,Delinquency,,,198
119779,Delhi,Delhi,Delhi,Red,,Delinquency,,,58
114033,Delhi,Delhi,Delhi,Operational,Green,,,,196
114545,Delhi,Delhi,Delhi,Operational,Green,,,,34
118933,Delhi,Delhi,Delhi,Non-Operational,,,,,124
119595,Delhi,Delhi,Delhi,Operational,Green,,,,159
115636,Delhi,Delhi,Delhi,Operational,Green,,,,178
114180,Delhi,Delhi,Delhi,Red,,Delinquency,,,128
114727,Delhi,Delhi,Delhi,Non-Operational,,,,,91
113939,Delhi,Delhi,Delhi,Red,,Delinquency,,,65
111231,Delhi,Delhi,Delhi,Red,,Delinquency,,,37
119751,Delhi,Delhi,Delhi,Operational,Green,,,,31
115494,Delhi,Delhi,Delhi,Operational,Green,,,,12
111893,Delhi,Delhi,Delhi,Red,,Delinquency,,,190
115786,Delhi,Delhi,Delhi,Operational,Green,,,,81
113068,Delhi,Delhi,Delhi,Non-Operational,,,,,38
119042,Delhi,Delhi,Delhi,Operational,Green,,,,43
111200,Delhi,Delhi,Delhi,Red,,Delinquency,,,21
115658,Delhi,Delhi,Delhi,Red,,Delinquency,,,179
118843,Delhi,Delhi,Delhi,Non-Operational,,,,,133
116582,Delhi,Delhi,Delhi,Operational,Green,,,,160
111841,Delhi,Delhi,Delhi,Operational,Green,,,,120
118827,Delhi,Delhi,Delhi,Operational,Green,,,,176
112070,Delhi,Delhi,Delhi,Operational,Green,,,,107
119056,Delhi,Delhi,Delhi,Red,,Delinquency,,,8
111878,Delhi,Delhi,Delhi,Operational,Green,,,,74
113444,Delhi,Delhi,Delhi,Red,,Delinquency,,,191
115978,Delhi,Delhi,Delhi,Operational,Green,,,,23
115066,Delhi,Delhi,Delhi,Operational,Green,,,,100
117818,Delhi,Delhi,Delhi,Operational,Green,,,,44
114697,Delhi,Delhi,Delhi,Operational,Green,,,,102
117232,Delhi,Delhi,Delhi,Red,,Delinquency,,,77
118253,Delhi,Delhi,Delhi,Red,,Delinquency,,,199
118025,Delhi,Delhi,Delhi,Operational,Green,,,,23
111986,Delhi,Delhi,Delhi,Red,,Delinquency,,,112
112625,Delhi,Delhi,Delhi,Operational,Green,,,,112
114457,Delhi,Delhi,Delhi,Operational,Green,,,,27
112330,Delhi,Delhi,Delhi,Operational,Green,,,,19
114929,Delhi,Delhi,Delhi,Operational,Green,,,,176
112229,Delhi,Delhi,Delhi,Operational,Green,,,,118
111043,Delhi,Delhi,Delhi,Red,,Delinquency,,,91
118381,Delhi,Delhi,Delhi,Non-Operational,,,,,191
118699,Delhi,Delhi,Delhi,Operational,Green,,,,198
111534,Delhi,Delhi,Delhi,Red,,Delinquency,,,28
115720,Delhi,Delhi,Delhi,Operational,Green,,,,134
115632,Delhi,Delhi,Delhi,Red,,Delinquency,,,137
118438,Delhi,Delhi,Delhi,Operational,Green,,,,35
114824,Delhi,Delhi,Delhi,Operational,Green,,,,178
114241,Delhi,Delhi,Delhi,Red,,Delinquency,,,53
112880,Delhi,Delhi,Delhi,Operational,Green,,,,67
114683,Delhi,Delhi,Delhi,Operational,Green,,,,95
113441,Delhi,Delhi,Delhi,Operational,Green,,,,26
113330,Delhi,Delhi,Delhi,Operational,Green,,,,177
111977,Delhi,Delhi,Delhi,Operational,Green,,,,102
116039,Delhi,Delhi,Delhi,Operational,Green,,,,194
115728,Delhi,Delhi,Delhi,Red,,Delinquency,,,71
113037,Delhi,Delhi,Delhi,Operational,Green,,,,59
115982,Delhi,Delhi,Delhi,Operational,Green,,,,73
117594,Delhi,Delhi,Delhi,Red,,Delinquency,,,28
119199,Delhi,Delhi,Delhi,Red,,Delinquency,,,177
119090,Delhi,Delhi,Delhi,Non-Operational,,,,,114
112317,Delhi,Delhi,Delhi,Red,,Delinquency,,,67
111653,Delhi,Delhi,Delhi,Operational,Green,,,,190
116280,Delhi,Delhi,Delhi,Operational,Green,,,,51
115102,Delhi,Delhi,Delhi,Red,,Delinquency,,,176
112496,Delhi,Delhi,Delhi,Operational,Green,,,,153
111339,Delhi,Delhi,Delhi,Operational,Green,,,,113
115415,Delhi,Delhi,Delhi,Red,,Delinquency,,,63
111659,Delhi,Delhi,Delhi,Red,,Delinquency,,,113
118708,Delhi,Delhi,Delhi,Operational,Green,,,,175
118245,Delhi,Delhi,Delhi,Red,,Delinquency,,,27
113973,Delhi,Delhi,Delhi,Red,,Delinquency,,,69
118141,Delhi,Delhi,Delhi,Operational,Green,,,,195
112494,Delhi,Delhi,Delhi,Red,,Delinquency,,,56
116700,Delhi,Delhi,Delhi,Operational,Green,,,,150
116460,Delhi,Delhi,Delhi,Operational,Green,,,,115
112713,Delhi,Delhi,Delhi,Operational,Green,,,,179
116403,Delhi,Delhi,Delhi,Operational,Green,,,,69
119117,Delhi,Delhi,Delhi,Operational,Green,,,,64
117561,Delhi,Delhi,Delhi,Operational,Green,,,,86
111601,Delhi,Delhi,Delhi,Operational,Green,,,,138
112442,Delhi,Delhi,Delhi,Operational,Green,,,,105
115135,Delhi,Delhi,Delhi,Red,,Delinquency,,,101
112899,Delhi,Delhi,Delhi,Red,,Delinquency,,,38
119431,Delhi,Delhi,Delhi,Red,,Delinquency,,,144
119889,Delhi,Delhi,Delhi,Operational,Green,,,,8
117770,Delhi,Delhi,Delhi,Operational,Green,,,,32
114073,Delhi,Delhi,Delhi,Operational,Green,,,,117
116927,Delhi,Delhi,Delhi,Operational,Green,,,,193
119167,Delhi,Delhi,Delhi,Red,,Delinquency,,,66
118242,Delhi,Delhi,Delhi,Operational,Green,,,,128
114335,Delhi,Delhi,Delhi,Red,,Delinquency,,,3
119998,Delhi,Delhi,Delhi,Red,,Delinquency,,,17
385719,Rajkot,Rajkot,Gujarat,Operational,Green,,,,200
388941,Ahmedabad,Ahmedabad,Gujarat,Operational,Green,,,,147
381472,Bharuch,Bharuch,Gujarat,Operational,Green,,,,178
384920,Bharuch,Bharuch,Gujarat,Operational,Green,,,,85
383594,Vadodara,Vadodara,Gujarat,Operational,Green,,,,181
381224,Gandhinagar,Gandhinagar,Gujarat,Red,,Delinquency,,,173
387684,Ahmedabad,Ahmedabad,Gujarat,Operational,Green,,,,183
384681,Anand,Anand,Gujarat,Operational,Green,,,,168
382858,Rajkot,Rajkot,Gujarat,Non-Operational,,,,,175
382924,Bharuch,Bharuch,Gujarat,Operational,Green,,,,52
383522,Rajkot,Rajkot,Gujarat,Operational,Green,,,,144
385781,Gandhinagar,Gandhinagar,Gujarat,Operational,Green,,,,126
385479,Rajkot,Rajkot,Gujarat,Operational,Green,,,,172
388905,Rajkot,Rajkot,Gujarat,Operational,Green,,,,99
384993,Rajkot,Rajkot,Gujarat,Operational,Green,,,,8
383369,Rajkot,Rajkot,Gujarat,Operational,Green,,,,180
384122,Gandhinagar,Gandhinagar,Gujarat,Operational,Green,,,,126
389327,Bharuch,Bharuch,Gujarat,Operational,Green,,,,152
383236,Anand,Anand,Gujarat,Red,,Delinquency,,,145
382143,Vadodara,Vadodara,Gujarat,Operational,Green,,,,174
387798,Vadodara,Vadodara,Gujarat,Operational,Green,,,,153
389318,Vadodara,Vadodara,Gujarat,Operational,Green,,,,4
381042,Vadodara,Vadodara,Gujarat,Operational,Green,,,,186
385891,Anand,Anand,Gujarat,Operational,Green,,,,60
389022,Anand,Anand,Gujarat,Operational,Green,,,,179
383434,Rajkot,Rajkot,Gujarat,Red,,Delinquency,,,18
389824,Rajkot,Rajkot,Gujarat,Operational,Green,,,,27
386654,Vadodara,Vadodara,Gujarat,Operational,Green,,,,48
389903,Rajkot,Rajkot,Gujarat,Operational,Green,,,,33
388460,Vadodara,Vadodara,Gujarat,Red,,Delinquency,,,129
384090,Bharuch,Bharuch,Gujarat,Operational,Green,,,,20
384912,Gandhinagar,Gandhinagar,Gujarat,Operational,Green,,,,174
387274,Surat,Surat,Gujarat,Red,,Delinquency,,,180
387730,Ahmedabad,Ahmedabad,Gujarat,Operational,Green,,,,198
386213,Bharuch,Bharuch,Gujarat,Operational,Green,,,,73
388749,Bharuch,Bharuch,Gujarat,Operational,Green,,,,82
387246,Rajkot,Rajkot,Gujarat,Operational,Green,,,,49
383492,Rajkot,Rajkot,Gujarat,Operational,Green,,,,45
381606,Surat,Surat,Gujarat,Red,,Delinquency,,,164
389229,Gandhinagar,Gandhinagar,Gujarat,Operational,Green,,,,84
386439,Anand,Anand,Gujarat,Red,,Delinquency,,,78
382644,Anand,Anand,Gujarat,Operational,Green,,,,119
388213,Ahmedabad,Ahmedabad,Gujarat,Operational,Green,,,,133
389617,Rajkot,Rajkot,Gujarat,Operational,Green,,,,73
381251,Bharuch,Bharuch,Gujarat,Operational,Green,,,,142
383361,Rajkot,Rajkot,Gujarat,Operational,Green,,,,2
383529,Ahmedabad,Ahmedabad,Gujarat,Operational,Green,,,,95
388692,Anand,Anand,Gujarat,Operational,Green,,,,67
385342,Vadodara,Vadodara,Gujarat,Operational,Green,,,,46
387512,Bharuch,Bharuch,Gujarat,Red,,Delinquency,,,32
382315,Anand,Anand,Gujarat,Operational,Green,,,,145
386383,Anand,Anand,Gujarat,Operational,Green,,,,57
389742,Rajkot,Rajkot,Gujarat,Red,,Delinquency,,,56
386188,Bharuch,Bharuch,Gujarat,Operational,Green,,,,24
388994,Anand,Anand,Gujarat,Non-Operational,,,,,44
389864,Ahmedabad,Ahmedabad,Gujarat,Operational,Green,,,,72
382121,Surat,Surat,Gujarat,Red,,Delinquency,,,128
385708,Surat,Surat,Gujarat,Operational,Green,,,,15
382480,Rajkot,Rajkot,Gujarat,Operational,Green,,,,62
382612,Anand,Anand,Gujarat,Operational,Green,,,,118
382646,Rajkot,Rajkot,Gujarat,Operational,Green,,,,45
383725,Bharuch,Bharuch,Gujarat,Operational,Green,,,,155
385906,Ahmedabad,Ahmedabad,Gujarat,Red,,Delinquency,,,141
381753,Vadodara,Vadodara,Gujarat,Operational,Green,,,,8
381919,Vadodara,Vadodara,Gujarat,Operational,Green,,,,146
386873,Vadodara,Vadodara,Gujarat,Operational,Green,,,,197
388056,Surat,Surat,Gujarat,Operational,Green,,,,125
385000,Gandhinagar,Gandhinagar,Gujarat,Red,,Delinquency,,,175
387751,Gandhinagar,Gandhinagar,Gujarat,Operational,Green,,,,59
383950,Surat,Surat,Gujarat,Operational,Green,,,,80
383868,Ahmedabad,Ahmedabad,Gujarat,Operational,Green,,,,27
387267,Gandhinagar,Gandhinagar,Gujarat,Red,,Delinquency,,,38
384945,Rajkot,Rajkot,Gujarat,Red,,Delinquency,,,35
383344,Surat,Surat,Gujarat,Red,,Delinquency,,,81
388555,Bharuch,Bharuch,Gujarat,Operational,Green,,,,173
385161,Rajkot,Rajkot,Gujarat,Operational,Green,,,,12
385183,Bharuch,Bharuch,Gujarat,Red,,Delinquency,,,1
381153,Anand,Anand,Gujarat,Red,,Delinquency,,,47
388622,Vadodara,Vadodara,Gujarat,Red,,Delinquency,,,126
389955,Surat,Surat,Gujarat,Operational,Green,,,,59
382210,Rajkot,Rajkot,Gujarat,Red,,Delinquency,,,176
386661,Gandhinagar,Gandhinagar,Gujarat,Red,,Delinquency,,,200
385901,Bharuch,Bharuch,Gujarat,Operational,Green,,,,48
387951,Bharuch,Bharuch,Gujarat,Operational,Green,,,,4
385097,Rajkot,Rajkot,Gujarat,Red,,Delinquency,,,137
385949,Surat,Surat,Gujarat,Red,,Delinquency,,,157
387302,Anand,Anand,Gujarat,Operational,Green,,,,71
388916,Ahmedabad,Ahmedabad,Gujarat,Non-Operational,,,,,37
384886,Rajkot,Rajkot,Gujarat,Operational,Green,,,,59
386881,Gandhinagar,Gandhinagar,Gujarat,Operational,Green,,,,92
385847,Bharuch,Bharuch,Gujarat,Red,,Delinquency,,,10
385837,Ahmedabad,Ahmedabad,Gujarat,Operational,Green,,,,150
387484,Vadodara,Vadodara,Gujarat,Red,,Delinquency,,,199
381132,Gandhinagar,Gandhinagar,Gujarat,Non-Operational,,,,,194
381803,Gandhinagar,Gandhinagar,Gujarat,Red,,Delinquency,,,176
389138,Anand,Anand,Gujarat,Operational,Green,,,,135
385689,Anand,Anand,Gujarat,Red,,Delinquency,,,32
384770,Gandhinagar,Gandhinagar,Gujarat,Operational,Green,,,,76
386772,Surat,Surat,Gujarat,Red,,Delinquency,,,183
384115,Gandhinagar,Gandhinagar,Gujarat,Operational,Green,,,,56
385106,Bharuch,Bharuch,Gujarat,Red,,Delinquency,,,98
383240,Bharuch,Bharuch,Gujarat,Operational,Green,,,,0
382591,Bharuch,Bharuch,Gujarat,Operational,Green,,,,81
381645,Vadodara,Vadodara,Gujarat,Operational,Green,,,,124
388222,Ahmedabad,Ahmedabad,Gujarat,Red,,Delinquency,,,31
386977,Bharuch,Bharuch,Gujarat,Operational,Green,,,,104
383153,Ahmedabad,Ahmedabad,Gujarat,Red,,Delinquency,,,192
385835,Vadodara,Vadodara,Gujarat,Operational,Green,,,,70
387807,Surat,Surat,Gujarat,Non-Operational,,,,,95
384289,Surat,Surat,Gujarat,Operational,Green,,,,31
389837,Vadodara,Vadodara,Gujarat,Operational,Green,,,,46
389697,Gandhinagar,Gandhinagar,Gujarat,Red,,Delinquency,,,28
385465,Anand,Anand,Gujarat,Red,,Delinquency,,,182
383695,Vadodara,Vadodara,Gujarat,Operational,Green,,,,190
388894,Anand,Anand,Gujarat,Operational,Green,,,,95
386549,Anand,Anand,Gujarat,Red,,Delinquency,,,6
382886,Rajkot,Rajkot,Gujarat,Red,,Delinquency,,,45
382233,Surat,Surat,Gujarat,Red,,Delinquency,,,189
384696,Anand,Anand,Gujarat,Red,,Delinquency,,,192
387511,Anand,Anand,Gujarat,Operational,Green,,,,55
206992,Lucknow,Lucknow,Uttar Pradesh,Operational,Green,,,,163
207464,Lucknow,Lucknow,Uttar Pradesh,Operational,Green,,,,183
205332,Allahabad,Allahabad,Uttar Pradesh,Operational,Green,,,,129
203024,Varanasi,Varanasi,Uttar Pradesh,Operational,Green,,,,72
207038,Meerut,Meerut,Uttar Pradesh,Non-Operational,,,,,126
205295,Allahabad,Allahabad,Uttar Pradesh,Red,,Delinquency,,,9
207242,Ghaziabad,Ghaziabad,Uttar Pradesh,Red,,Delinquency,,,25
207086,Lucknow,Lucknow,Uttar Pradesh,Operational,Green,,,,200
204830,Varanasi,Varanasi,Uttar Pradesh,Operational,Green,,,,158
201410,Allahabad,Allahabad,Uttar Pradesh,Red,,Delinquency,,,23
206374,Allahabad,Allahabad,Uttar Pradesh,Red,,Delinquency,,,194
204626,Meerut,Meerut,Uttar Pradesh,Red,,Delinquency,,,148
202035,Meerut,Meerut,Uttar Pradesh,Red,,Delinquency,,,174
208606,Meerut,Meerut,Uttar Pradesh,Red,,Delinquency,,,23
205951,Meerut,Meerut,Uttar Pradesh,Red,,Delinquency,,,156
207689,Lucknow,Lucknow,Uttar Pradesh,Operational,Green,,,,164
203290,Lucknow,Lucknow,Uttar Pradesh,Red,,Delinquency,,,169
201609,Agra,Agra,Uttar Pradesh,Operational,Green,,,,169
209071,Lucknow,Lucknow,Uttar Pradesh,Operational,Green,,,,75
202592,Kanpur Nagar,Kanpur Nagar,Uttar Pradesh,Operational,Green,,,,63
209807,Kanpur Nagar,Kanpur Nagar,Uttar Pradesh,Operational,Green,,,,30
207367,Varanasi,Varanasi,Uttar Pradesh,Operational,Green,,,,158
207078,Meerut,Meerut,Uttar Pradesh,Operational,Green,,,,176
209850,Varanasi,Varanasi,Uttar Pradesh,Operational,Green,,,,159
203531,Varanasi,Varanasi,Uttar Pradesh,Operational,Green,,,,119
202622,Ghaziabad,Ghaziabad,Uttar Pradesh,Operational,Green,,,,137
209017,Allahabad,Allahabad,Uttar Pradesh,Operational,Green,,,,124
207686,Agra,Agra,Uttar Pradesh,Operational,Green,,,,5
201536,Meerut,Meerut,Uttar Pradesh,Operational,Green,,,,152
207070,Kanpur Nagar,Kanpur Nagar,Uttar Pradesh,Operational,Green,,,,191
208264,Varanasi,Varanasi,Uttar Pradesh,Operational,Green,,,,192
204868,Ghaziabad,Ghaziabad,Uttar Pradesh,Red,,Delinquency,,,89
206942,Lucknow,Lucknow,Uttar Pradesh,Red,,Delinquency,,,53
207018,Allahabad,Allahabad,Uttar Pradesh,Operational,Green,,,,111
206876,Lucknow,Lucknow,Uttar Pradesh,Operational,Green,,,,13
207523,Agra,Agra,Uttar Pradesh,Red,,Delinquency,,,74
204109,Lucknow,Lucknow,Uttar Pradesh,Red,,Delinquency,,,0
208450,Lucknow,Lucknow,Uttar Pradesh,Operational,Green,,,,77
204475,Meerut,Meerut,Uttar Pradesh,Operational,Green,,,,143
201349,Lucknow,Lucknow,Uttar Pradesh,Operational,Green,,,,7
206464,Kanpur Nagar,Kanpur Nagar,Uttar Pradesh,Operational,Green,,,,170
203063,Ghaziabad,Ghaziabad,Uttar Pradesh,Red,,Delinquency,,,37
204362,Lucknow,Lucknow,Uttar Pradesh,Operational,Green,,,,7
204394,Allahabad,Allahabad,Uttar Pradesh,Operational,Green,,,,157
204538,Ghaziabad,Ghaziabad,Uttar Pradesh,Operational,Green,,,,161
204817,Agra,Agra,Uttar Pradesh,Red,,Delinquency,,,126
203417,Ghaziabad,Ghaziabad,Uttar Pradesh,Red,,Delinquency,,,196
201046,Agra,Agra,Uttar Pradesh,Operational,Green,,,,165
203370,Kanpur Nagar,Kanpur Nagar,Uttar Pradesh,Operational,Green,,,,144
205106,Ghaziabad,Ghaziabad,Uttar Pradesh,Non-Operational,,,,,156
203858,Lucknow,Lucknow,Uttar Pradesh,Operational,Green,,,,95
201422,Kanpur Nagar,Kanpur Nagar,Uttar Pradesh,Non-Operational,,,,,186
201243,Agra,Agra,Uttar Pradesh,Operational,Green,,,,13
204898,Allahabad,Allahabad,Uttar Pradesh,Operational,Green,,,,163
206304,Lucknow,Lucknow,Uttar Pradesh,Red,,Delinquency,,,89
203854,Agra,Agra,Uttar Pradesh,Operational,Green,,,,187
201858,Kanpur Nagar,Kanpur Nagar,Uttar Pradesh,Operational,Green,,,,183
207897,Allahabad,Allahabad,Uttar Pradesh,Red,,Delinquency,,,195
202862,Meerut,Meerut,Uttar Pradesh,Operational,Green,,,,18
202041,Varanasi,Varanasi,Uttar Pradesh,Operational,Green,,,,36
208344,Ghaziabad,Ghaziabad,Uttar Pradesh,Operational,Green,,,,157
206931,Allahabad,Allahabad,Uttar Pradesh,Red,,Delinquency,,,69
202786,Varanasi,Varanasi,Uttar Pradesh,Operational,Green,,,,24
209254,Kanpur Nagar,Kanpur Nagar,Uttar Pradesh,Red,,Delinquency,,,89
201710,Meerut,Meerut,Uttar Pradesh,Non-Operational,,,,,115
209543,Agra,Agra,Uttar Pradesh,Red,,Delinquency,,,51
208504,Meerut,Meerut,Uttar Pradesh,Red,,Delinquency,,,191
201510,Lucknow,Lucknow,Uttar Pradesh,Red,,Delinquency,,,197
208847,Ghaziabad,Ghaziabad,Uttar Pradesh,Operational,Green,,,,116
207580,Varanasi,Varanasi,Uttar Pradesh,Operational,Green,,,,117
202768,Varanasi,Varanasi,Uttar Pradesh,Operational,Green,,,,4
208267,Lucknow,Lucknow,Uttar Pradesh,Operational,Green,,,,108
202323,Agra,Agra,Uttar Pradesh,Operational,Green,,,,130
203430,Lucknow,Lucknow,Uttar Pradesh,Operational,Green,,,,141
203067,Agra,Agra,Uttar Pradesh,Operational,Green,,,,29
209984,Meerut,Meerut,Uttar Pradesh,Operational,Green,,,,15
206327,Varanasi,Varanasi,Uttar Pradesh,Operational,Green,,,,34
209692,Agra,Agra,Uttar Pradesh,Operational,Green,,,,36
208433,Allahabad,Allahabad,Uttar Pradesh,Operational,Green,,,,88
208048,Lucknow,Lucknow,Uttar Pradesh,Red,,Delinquency,,,68
202874,Ghaziabad,Ghaziabad,Uttar Pradesh,Red,,Delinquency,,,103
204522,Varanasi,Varanasi,Uttar Pradesh,Operational,Green,,,,109
208398,Kanpur Nagar,Kanpur Nagar,Uttar Pradesh,Operational,Green,,,,133
207779,Agra,Agra,Uttar Pradesh,Operational,Green,,,,81
208430,Varanasi,Varanasi,Uttar Pradesh,Operational,Green,,,,25
207815,Meerut,Meerut,Uttar Pradesh,Red,,Delinquency,,,110
202557,Agra,Agra,Uttar Pradesh,Operational,Green,,,,33
207992,Agra,Agra,Uttar Pradesh,Red,,Delinquency,,,138
205176,Agra,Agra,Uttar Pradesh,Red,,Delinquency,,,29
203500,Meerut,Meerut,Uttar Pradesh,Operational,Green,,,,4
208770,Lucknow,Lucknow,Uttar Pradesh,Operational,Green,,,,74
202494,Ghaziabad,Ghaziabad,Uttar Pradesh,Red,,Delinquency,,,165
202398,Lucknow,Lucknow,Uttar Pradesh,Operational,Green,,,,139
208075,Lucknow,Lucknow,Uttar Pradesh,Red,,Delinquency,,,112
207105,Ghaziabad,Ghaziabad,Uttar Pradesh,Operational,Green,,,,72
203131,Allahabad,Allahabad,Uttar Pradesh,Operational,Green,,,,9
201982,Allahabad,Allahabad,Uttar Pradesh,Red,,Delinquency,,,190
206400,Meerut,Meerut,Uttar Pradesh,Operational,Green,,,,156
203002,Varanasi,Varanasi,Uttar Pradesh,Operational,Green,,,,173
206793,Ghaziabad,Ghaziabad,Uttar Pradesh,Red,,Delinquency,,,123
207929,Ghaziabad,Ghaziabad,Uttar Pradesh,Red,,Delinquency,,,31
201842,Agra,Agra,Uttar Pradesh,Red,,Delinquency,,,144
206119,Agra,Agra,Uttar Pradesh,Operational,Green,,,,80
202697,Allahabad,Allahabad,Uttar Pradesh,Operational,Green,,,,57
209313,Kanpur Nagar,Kanpur Nagar,Uttar Pradesh,Red,,Delinquency,,,91
203535,Meerut,Meerut,Uttar Pradesh,Red,,Delinquency,,,139
208900,Kanpur Nagar,Kanpur Nagar,Uttar Pradesh,Red,,Delinquency,,,53
202773,Agra,Agra,Uttar Pradesh,Red,,Delinquency,,,163
207022,Lucknow,Lucknow,Uttar Pradesh,Red,,Delinquency,,,153
205564,Allahabad,Allahabad,Uttar Pradesh,Operational,Green,,,,130
204705,Ghaziabad,Ghaziabad,Uttar Pradesh,Operational,Green,,,,53
208030,Ghaziabad,Ghaziabad,Uttar Pradesh,Red,,Delinquency,,,182
201430,Allahabad,Allahabad,Uttar Pradesh,Red,,Delinquency,,,196
205381,Lucknow,Lucknow,Uttar Pradesh,Operational,Green,,,,128
203955,Agra,Agra,Uttar Pradesh,Red,,Delinquency,,,39
206062,Agra,Agra,Uttar Pradesh,Red,,Delinquency,,,92
206751,Lucknow,Lucknow,Uttar Pradesh,Operational,Green,,,,86
203972,Ghaziabad,Ghaziabad,Uttar Pradesh,Operational,Green,,,,2
203347,Allahabad,Allahabad,Uttar Pradesh,Non-Operational,,,,,66
207566,Lucknow,Lucknow,Uttar Pradesh,Red,,Delinquency,,,87
303324,Udaipur,Udaipur,Rajasthan,Operational,Green,,,,91
301502,Jaipur,Jaipur,Rajasthan,Operational,Green,,,,187
309691,Jodhpur,Jodhpur,Rajasthan,Operational,Green,,,,93
307163,Ajmer,Ajmer,Rajasthan,Red,,Delinquency,,,120
308432,Kota,Kota,Rajasthan,Operational,Green,,,,178
303578,Kota,Kota,Rajasthan,Red,,Delinquency,,,155
306105,Udaipur,Udaipur,Rajasthan,Operational,Green,,,,8
306314,Alwar,Alwar,Rajasthan,Red,,Delinquency,,,75
302391,Jaipur,Jaipur,Rajasthan,Operational,Green,,,,171
303549,Jodhpur,Jodhpur,Rajasthan,Operational,Green,,,,77
301815,Udaipur,Udaipur,Rajasthan,Operational,Green,,,,180
302336,Kota,Kota,Rajasthan,Non-Operational,,,,,144
308259,Udaipur,Udaipur,Rajasthan,Operational,Green,,,,35
307947,Ajmer,Ajmer,Rajasthan,Operational,Green,,,,4
308242,Ajmer,Ajmer,Rajasthan,Operational,Green,,,,71
305475,Jodhpur,Jodhpur,Rajasthan,Red,,Delinquency,,,69
309394,Jaipur,Jaipur,Rajasthan,Operational,Green,,,,22
306655,Ajmer,Ajmer,Rajasthan,Red,,Delinquency,,,134
302816,Kota,Kota,Rajasthan,Red,,Delinquency,,,25
308972,Bikaner,Bikaner,Rajasthan,Operational,Green,,,,178
306053,Jaipur,Jaipur,Rajasthan,Operational,Green,,,,72
304612,Ajmer,Ajmer,Rajasthan,Operational,Green,,,,149
301897,Jaipur,Jaipur,Rajasthan,Red,,Delinquency,,,69
304349,Kota,Kota,Rajasthan,Operational,Green,,,,47
304460,Alwar,Alwar,Rajasthan,Operational,Green,,,,60
303248,Alwar,Alwar,Rajasthan,Red,,Delinquency,,,162
305186,Kota,Kota,Rajasthan,Operational,Green,,,,170
306375,Jaipur,Jaipur,Rajasthan,Operational,Green,,,,117
301126,Ajmer,Ajmer,Rajasthan,Non-Operational,,,,,75
308055,Jodhpur,Jodhpur,Rajasthan,Red,,Delinquency,,,153
303116,Ajmer,Ajmer,Rajasthan,Operational,Green,,,,105
309725,Udaipur,Udaipur,Rajasthan,Operational,Green,,,,0
304770,Bikaner,Bikaner,Rajasthan,Operational,Green,,,,157
306802,Jaipur,Jaipur,Rajasthan,Operational,Green,,,,165
307505,Alwar,Alwar,Rajasthan,Red,,Delinquency,,,145
301693,Ajmer,Ajmer,Rajasthan,Non-Operational,,,,,77
301307,Ajmer,Ajmer,Rajasthan,Non-Operational,,,,,136
302275,Alwar,Alwar,Rajasthan,Operational,Green,,,,97
306129,Bikaner,Bikaner,Rajasthan,Operational,Green,,,,17
308033,Bikaner,Bikaner,Rajasthan,Operational,Green,,,,50
307626,Udaipur,Udaipur,Rajasthan,Operational,Green,,,,43
307843,Kota,Kota,Rajasthan,Operational,Green,,,,16
302887,Ajmer,Ajmer,Rajasthan,Red,,Delinquency,,,184
301341,Kota,Kota,Rajasthan,Non-Operational,,,,,184
303815,Alwar,Alwar,Rajasthan,Operational,Green,,,,194
308538,Alwar,Alwar,Rajasthan,Red,,Delinquency,,,26
306928,Jaipur,Jaipur,Rajasthan,Red,,Delinquency,,,30
308155,Alwar,Alwar,Rajasthan,Operational,Green,,,,129
302734,Jodhpur,Jodhpur,Rajasthan,Operational,Green,,,,72
308138,Bikaner,Bikaner,Rajasthan,Operational,Green,,,,62
307560,Bikaner,Bikaner,Rajasthan,Non-Operational,,,,,21
302288,Ajmer,Ajmer,Rajasthan,Operational,Green,,,,96
306083,Udaipur,Udaipur,Rajasthan,Operational,Green,,,,94
306562,Jodhpur,Jodhpur,Rajasthan,Operational,Green,,,,161
306456,Alwar,Alwar,Rajasthan,Operational,Green,,,,56
303754,Jaipur,Jaipur,Rajasthan,Red,,Delinquency,,,174
309363,Udaipur,Udaipur,Rajasthan,Red,,Delinquency,,,173
302868,Bikaner,Bikaner,Rajasthan,Operational,Green,,,,51
309355,Jodhpur,Jodhpur,Rajasthan,Red,,Delinquency,,,10
306724,Kota,Kota,Rajasthan,Red,,Delinquency,,,101
303419,Jodhpur,Jodhpur,Rajasthan,Operational,Green,,,,3
302684,Jodhpur,Jodhpur,Rajasthan,Operational,Green,,,,161
305193,Jodhpur,Jodhpur,Rajasthan,Operational,Green,,,,193
303842,Bikaner,Bikaner,Rajasthan,Red,,Delinquency,,,103
303504,Alwar,Alwar,Rajasthan,Operational,Green,,,,23
302234,Jodhpur,Jodhpur,Rajasthan,Red,,Delinquency,,,99
309095,Ajmer,Ajmer,Rajasthan,Non-Operational,,,,,113
308354,Udaipur,Udaipur,Rajasthan,Non-Operational,,,,,87
306295,Alwar,Alwar,Rajasthan,Operational,Green,,,,37
306179,Jodhpur,Jodhpur,Rajasthan,Operational,Green,,,,49
308205,Jaipur,Jaipur,Rajasthan,Operational,Green,,,,157
308682,Ajmer,Ajmer,Rajasthan,Operational,Green,,,,38
305961,Alwar,Alwar,Rajasthan,Operational,Green,,,,121
305500,Bikaner,Bikaner,Rajasthan,Operational,Green,,,,67
301920,Kota,Kota,Rajasthan,Operational,Green,,,,168
309312,Jaipur,Jaipur,Rajasthan,Operational,Green,,,,108
306085,Ajmer,Ajmer,Rajasthan,Operational,Green,,,,93
308404,Jaipur,Jaipur,Rajasthan,Operational,Green,,,,100
301932,Kota,Kota,Rajasthan,Operational,Green,,,,118
305703,Jaipur,Jaipur,Rajasthan,Operational,Green,,,,3
302479,Bikaner,Bikaner,Rajasthan,Operational,Green,,,,62
309307,Ajmer,Ajmer,Rajasthan,Operational,Green,,,,87
308581,Bikaner,Bikaner,Rajasthan,Operational,Green,,,,29
301672,Ajmer,Ajmer,Rajasthan,Operational,Green,,,,21
304084,Kota,Kota,Rajasthan,Red,,Delinquency,,,146
308792,Bikaner,Bikaner,Rajasthan,Operational,Green,,,,117
303471,Jaipur,Jaipur,Rajasthan,Operational,Green,,,,153
308381,Jaipur,Jaipur,Rajasthan,Red,,Delinquency,,,47
306626,Udaipur,Udaipur,Rajasthan,Red,,Delinquency,,,149
302381,Bikaner,Bikaner,Rajasthan,Operational,Green,,,,39
303827,Jaipur,Jaipur,Rajasthan,Red,,Delinquency,,,72
305059,Udaipur,Udaipur,Rajasthan,Red,,Delinquency,,,153
308172,Ajmer,Ajmer,Rajasthan,Operational,Green,,,,128
309586,Bikaner,Bikaner,Rajasthan,Operational,Green,,,,21
303600,Kota,Kota,Rajasthan,Red,,Delinquency,,,47
307108,Kota,Kota,Rajasthan,Operational,Green,,,,52
307347,Ajmer,Ajmer,Rajasthan,Non-Operational,,,,,153
306543,Udaipur,Udaipur,Rajasthan,Operational,Green,,,,113
301857,Alwar,Alwar,Rajasthan,Operational,Green,,,,74
306482,Jaipur,Jaipur,Rajasthan,Red,,Delinquency,,,188
306401,Jaipur,Jaipur,Rajasthan,Red,,Delinquency,,,179
307333,Kota,Kota,Rajasthan,Red,,Delinquency,,,189
305128,Udaipur,Udaipur,Rajasthan,Operational,Green,,,,29
303463,Kota,Kota,Rajasthan,Red,,Delinquency,,,120
302335,Bikaner,Bikaner,Rajasthan,Operational,Green,,,,108
303317,Kota,Kota,Rajasthan,Operational,Green,,,,197
306082,Udaipur,Udaipur,Rajasthan,Operational,Green,,,,94
307421,Jodhpur,Jodhpur,Rajasthan,Red,,Delinquency,,,191
302388,Kota,Kota,Rajasthan,Non-Operational,,,,,9
307171,Udaipur,Udaipur,Rajasthan,Red,,Delinquency,,,140
306381,Alwar,Alwar,Rajasthan,Operational,Green,,,,199
303093,Udaipur,Udaipur,Rajasthan,Non-Operational,,,,,109
309624,Jaipur,Jaipur,Rajasthan,Operational,Green,,,,169
307937,Bikaner,Bikaner,Rajasthan,Operational,Green,,,,79
301298,Kota,Kota,Rajasthan,Operational,Green,,,,138
306060,Jodhpur,Jodhpur,Rajasthan,Operational,Green,,,,163
304509,Kota,Kota,Rajasthan,Red,,Delinquency,,,173
308967,Jodhpur,Jodhpur,Rajasthan,Operational,Green,,,,130
304711,Jodhpur,Jodhpur,Rajasthan,Operational,Green,,,,97
303538,Jaipur,Jaipur,Rajasthan,Red,,Delinquency,,,126
705846,Kolkata,Kolkata,West Bengal,Operational,Green,,,,133
709317,Hooghly,Hooghly,West Bengal,Operational,Green,,,,94
709626,Kolkata,Kolkata,West Bengal,Operational,Green,,,,100
706517,Hooghly,Hooghly,West Bengal,Red,,Delinquency,,,6
703147,Hooghly,Hooghly,West Bengal,Red,,Delinquency,,,96
707172,North 24 Parganas,North 24 Parganas,West Bengal,Operational,Green,,,,51
703658,North 24 Parganas,North 24 Parganas,West Bengal,Operational,Green,,,,72
703712,Paschim Bardhaman,Paschim Bardhaman,West Bengal,Red,,Delinquency,,,199
708170,Kolkata,Kolkata,West Bengal,Operational,Green,,,,45
707731,South 24 Parganas,South 24 Parganas,West Bengal,Red,,Delinquency,,,25
704891,Howrah,Howrah,West Bengal,Operational,Green,,,,160
705668,Paschim Bardhaman,Paschim Bardhaman,West Bengal,Red,,Delinquency,,,116
708355,North 24 Parganas,North 24 Parganas,West Bengal,Red,,Delinquency,,,99
709749,North 24 Parganas,North 24 Parganas,West Bengal,Operational,Green,,,,86
706070,Howrah,Howrah,West Bengal,Non-Operational,,,,,107
704178,South 24 Parganas,South 24 Parganas,West Bengal,Operational,Green,,,,155
708218,Howrah,Howrah,West Bengal,Red,,Delinquency,,,174
705616,Howrah,Howrah,West Bengal,Operational,Green,,,,11
709239,Hooghly,Hooghly,West Bengal,Operational,Green,,,,40
707859,North 24 Parganas,North 24 Parganas,West Bengal,Operational,Green,,,,126
704271,Hooghly,Hooghly,West Bengal,Operational,Green,,,,170
703267,South 24 Parganas,South 24 Parganas,West Bengal,Red,,Delinquency,,,95
701854,Paschim Bardhaman,Paschim Bardhaman,West Bengal,Operational,Green,,,,105
708873,South 24 Parganas,South 24 Parganas,West Bengal,Red,,Delinquency,,,66
702680,Paschim Bardhaman,Paschim Bardhaman,West Bengal,Operational,Green,,,,110
709452,Kolkata,Kolkata,West Bengal,Operational,Green,,,,177
705670,Kolkata,Kolkata,West Bengal,Operational,Green,,,,120
703626,South 24 Parganas,South 24 Parganas,West Bengal,Operational,Green,,,,106
708361,Hooghly,Hooghly,West Bengal,Red,,Delinquency,,,40
703414,Howrah,Howrah,West Bengal,Red,,Delinquency,,,28
702502,North 24 Parganas,North 24 Parganas,West Bengal,Operational,Green,,,,168
708391,South 24 Parganas,South 24 Parganas,West Bengal,Operational,Green,,,,32
701436,Howrah,Howrah,West Bengal,Operational,Green,,,,65
701872,Howrah,Howrah,West Bengal,Operational,Green,,,,149
709224,South 24 Parganas,South 24 Parganas,West Bengal,Operational,Green,,,,86
704862,Howrah,Howrah,West Bengal,Operational,Green,,,,44
702337,South 24 Parganas,South 24 Parganas,West Bengal,Red,,Delinquency,,,67
704678,Kolkata,Kolkata,West Bengal,Operational,Green,,,,22
706221,Kolkata,Kolkata,West Bengal,Operational,Green,,,,69
706493,North 24 Parganas,North 24 Parganas,West Bengal,Operational,Green,,,,47
703254,Kolkata,Kolkata,West Bengal,Operational,Green,,,,77
705700,Howrah,Howrah,West Bengal,Operational,Green,,,,162
703273,Paschim Bardhaman,Paschim Bardhaman,West Bengal,Red,,Delinquency,,,148
708685,Howrah,Howrah,West Bengal,Operational,Green,,,,87
701086,Kolkata,Kolkata,West Bengal,Operational,Green,,,,122
701311,South 24 Parganas,South 24 Parganas,West Bengal,Operational,Green,,,,18
704533,North 24 Parganas,North 24 Parganas,West Bengal,Non-Operational,,,,,62
709991,Paschim Bardhaman,Paschim Bardhaman,West Bengal,Red,,Delinquency,,,163
709647,Howrah,Howrah,West Bengal,Operational,Green,,,,125
702821,South 24 Parganas,South 24 Parganas,West Bengal,Non-Operational,,,,,56
704893,South 24 Parganas,South 24 Parganas,West Bengal,Operational,Green,,,,191
702996,Kolkata,Kolkata,West Bengal,Red,,Delinquency,,,100
704906,Howrah,Howrah,West Bengal,Operational,Green,,,,123
708489,Kolkata,Kolkata,West Bengal,Red,,Delinquency,,,49
702816,Howrah,Howrah,West Bengal,Operational,Green,,,,165
709782,Kolkata,Kolkata,West Bengal,Non-Operational,,,,,171
709443,Hooghly,Hooghly,West Bengal,Red,,Delinquency,,,199
704963,Paschim Bardhaman,Paschim Bardhaman,West Bengal,Red,,Delinquency,,,153
703352,South 24 Parganas,South 24 Parganas,West Bengal,Operational,Green,,,,139
708032,Kolkata,Kolkata,West Bengal,Operational,Green,,,,14
706780,North 24 Parganas,North 24 Parganas,West Bengal,Operational,Green,,,,103
707825,North 24 Parganas,North 24 Parganas,West Bengal,Operational,Green,,,,78
702402,Hooghly,Hooghly,West Bengal,Non-Operational,,,,,140
706908,Kolkata,Kolkata,West Bengal,Non-Operational,,,,,93
709618,Hooghly,Hooghly,West Bengal,Operational,Green,,,,146
709312,Hooghly,Hooghly,West Bengal,Red,,Delinquency,,,10
701333,Howrah,Howrah,West Bengal,Operational,Green,,,,3
708702,Kolkata,Kolkata,West Bengal,Operational,Green,,,,150
707338,South 24 Parganas,South 24 Parganas,West Bengal,Operational,Green,,,,91
705155,Paschim Bardhaman,Paschim Bardhaman,West Bengal,Operational,Green,,,,54
701266,South 24 Parganas,South 24 Parganas,West Bengal,Operational,Green,,,,167
702106,South 24 Parganas,South 24 Parganas,West Bengal,Operational,Green,,,,66
704950,Paschim Bardhaman,Paschim Bardhaman,West Bengal,Red,,Delinquency,,,75
702698,Hooghly,Hooghly,West Bengal,Operational,Green,,,,25
706447,North 24 Parganas,North 24 Parganas,West Bengal,Operational,Green,,,,19
701726,South 24 Parganas,South 24 Parganas,West Bengal,Operational,Green,,,,162
709945,South 24 Parganas,South 24 Parganas,West Bengal,Operational,Green,,,,172
703868,Paschim Bardhaman,Paschim Bardhaman,West Bengal,Red,,Delinquency,,,0
708612,Paschim Bardhaman,Paschim Bardhaman,West Bengal,Operational,Green,,,,83
708840,Paschim Bardhaman,Paschim Bardhaman,West Bengal,Red,,Delinquency,,,89
703986,North 24 Parganas,North 24 Parganas,West Bengal,Red,,Delinquency,,,107
702033,Paschim Bardhaman,Paschim Bardhaman,West Bengal,Red,,Delinquency,,,192
708498,Kolkata,Kolkata,West Bengal,Operational,Green,,,,3
705807,North 24 Parganas,North 24 Parganas,West Bengal,Red,,Delinquency,,,131
701717,North 24 Parganas,North 24 Parganas,West Bengal,Operational,Green,,,,131
701686,South 24 Parganas,South 24 Parganas,West Bengal,Operational,Green,,,,1
706080,Hooghly,Hooghly,West Bengal,Red,,Delinquency,,,167
707524,Hooghly,Hooghly,West Bengal,Operational,Green,,,,67
708756,South 24 Parganas,South 24 Parganas,West Bengal,Non-Operational,,,,,174
701599,Paschim Bardhaman,Paschim Bardhaman,West Bengal,Operational,Green,,,,181
704131,South 24 Parganas,South 24 Parganas,West Bengal,Operational,Green,,,,92
706848,Kolkata,Kolkata,West Bengal,Operational,Green,,,,64
706438,South 24 Parganas,South 24 Parganas,West Bengal,Operational,Green,,,,13
703039,South 24 Parganas,South 24 Parganas,West Bengal,Red,,Delinquency,,,195
708159,Howrah,Howrah,West Bengal,Operational,Green,,,,128
708204,Howrah,Howrah,West Bengal,Operational,Green,,,,55
706554,North 24 Parganas,North 24 Parganas,West Bengal,Operational,Green,,,,153
709129,Paschim Bardhaman,Paschim Bardhaman,West Bengal,Operational,Green,,,,117
709151,South 24 Parganas,South 24 Parganas,West Bengal,Operational,Green,,,,58
709507,South 24 Parganas,South 24 Parganas,West Bengal,Red,,Delinquency,,,72
702353,Paschim Bardhaman,Paschim Bardhaman,West Bengal,Operational,Green,,,,67
707955,Kolkata,Kolkata,West Bengal,Operational,Green,,,,86
708055,Hooghly,Hooghly,West Bengal,Operational,Green,,,,138
703956,Hooghly,Hooghly,West Bengal,Operational,Green,,,,199
705813,South 24 Parganas,South 24 Parganas,West Bengal,Operational,Green,,,,87
702311,South 24 Parganas,South 24 Parganas,West Bengal,Operational,Green,,,,112
705843,South 24 Parganas,South 24 Parganas,West Bengal,Operational,Green,,,,51
708305,Hooghly,Hooghly,West Bengal,Operational,Green,,,,31
707981,North 24 Parganas,North 24 Parganas,West Bengal,Operational,Green,,,,153
708272,South 24 Parganas,South 24 Parganas,West Bengal,Red,,Delinquency,,,101
708325,Kolkata,Kolkata,West Bengal,Red,,Delinquency,,,70
706776,Hooghly,Hooghly,West Bengal,Operational,Green,,,,173
708126,South 24 Parganas,South 24 Parganas,West Bengal,Operational,Green,,,,132
701939,Kolkata,Kolkata,West Bengal,Red,,Delinquency,,,75
707655,South 24 Parganas,South 24 Parganas,West Bengal,Operational,Green,,,,163
709406,Paschim Bardhaman,Paschim Bardhaman,West Bengal,Operational,Green,,,,58
703621,Kolkata,Kolkata,West Bengal,Operational,Green,,,,12
703339,Hooghly,Hooghly,West Bengal,Operational,Green,,,,35
708179,Kolkata,Kolkata,West Bengal,Operational,Green,,,,21
703068,Kolkata,Kolkata,West Bengal,Operational,Green,,,,112
504866,Nizamabad,Nizamabad,Telangana,Operational,Green,,,,111
507001,Medchal Malkajgiri,Medchal Malkajgiri,Telangana,Red,,Delinquency,,,22
507272,Karimnagar,Karimnagar,Telangana,Non-Operational,,,,,62
501530,Karimnagar,Karimnagar,Telangana,Red,,Delinquency,,,50
503513,Nizamabad,Nizamabad,Telangana,Non-Operational,,,,,143
508371,Medchal Malkajgiri,Medchal Malkajgiri,Telangana,Operational,Green,,,,101
507095,Warangal,Warangal,Telangana,Operational,Green,,,,63
502259,Karimnagar,Karimnagar,Telangana,Operational,Green,,,,195
503255,Karimnagar,Karimnagar,Telangana,Operational,Green,,,,114
507012,Warangal,Warangal,Telangana,Red,,Delinquency,,,186
506150,Nizamabad,Nizamabad,Telangana,Operational,Green,,,,15
505566,Ranga Reddy,Ranga Reddy,Telangana,Operational,Green,,,,84
502858,Hyderabad,Hyderabad,Telangana,Operational,Green,,,,180
504048,Warangal,Warangal,Telangana,Red,,Delinquency,,,52
509482,Warangal,Warangal,Telangana,Red,,Delinquency,,,109
502929,Medchal Malkajgiri,Medchal Malkajgiri,Telangana,Red,,Delinquency,,,45
505264,Nizamabad,Nizamabad,Telangana,Red,,Delinquency,,,82
508311,Ranga Reddy,Ranga Reddy,Telangana,Operational,Green,,,,31
505678,Nizamabad,Nizamabad,Telangana,Operational,Green,,,,67
509047,Ranga Reddy,Ranga Reddy,Telangana,Operational,Green,,,,61
503009,Ranga Reddy,Ranga Reddy,Telangana,Operational,Green,,,,114
502213,Warangal,Warangal,Telangana,Red,,Delinquency,,,44
503828,Nizamabad,Nizamabad,Telangana,Red,,Delinquency,,,82
508292,Hyderabad,Hyderabad,Telangana,Operational,Green,,,,157
506236,Nizamabad,Nizamabad,Telangana,Red,,Delinquency,,,17
506692,Nizamabad,Nizamabad,Telangana,Red,,Delinquency,,,136
502063,Karimnagar,Karimnagar,Telangana,Operational,Green,,,,97
509882,Medchal Malkajgiri,Medchal Malkajgiri,Telangana,Operational,Green,,,,135
505914,Ranga Reddy,Ranga Reddy,Telangana,Operational,Green,,,,196
503852,Medchal Malkajgiri,Medchal Malkajgiri,Telangana,Red,,Delinquency,,,170
509335,Ranga Reddy,Ranga Reddy,Telangana,Operational,Green,,,,114
502988,Ranga Reddy,Ranga Reddy,Telangana,Red,,Delinquency,,,64
503275,Ranga Reddy,Ranga Reddy,Telangana,Operational,Green,,,,79
509094,Hyderabad,Hyderabad,Telangana,Operational,Green,,,,83
506912,Karimnagar,Karimnagar,Telangana,Operational,Green,,,,59
507044,Warangal,Warangal,Telangana,Operational,Green,,,,172
503126,Karimnagar,Karimnagar,Telangana,Operational,Green,,,,120
502412,Hyderabad,Hyderabad,Telangana,Operational,Green,,,,149
506067,Warangal,Warangal,Telangana,Operational,Green,,,,122
508842,Karimnagar,Karimnagar,Telangana,Red,,Delinquency,,,196
507730,Warangal,Warangal,Telangana,Non-Operational,,,,,147
502208,Ranga Reddy,Ranga Reddy,Telangana,Operational,Green,,,,140
506194,Nizamabad,Nizamabad,Telangana,Operational,Green,,,,119
502215,Warangal,Warangal,Telangana,Red,,Delinquency,,,58
508632,Nizamabad,Nizamabad,Telangana,Operational,Green,,,,82
509476,Medchal Malkajgiri,Medchal Malkajgiri,Telangana,Non-Operational,,,,,150
503102,Karimnagar,Karimnagar,Telangana,Operational,Green,,,,71
503981,Ranga Reddy,Ranga Reddy,Telangana,Operational,Green,,,,167
508088,Karimnagar,Karimnagar,Telangana,Operational,Green,,,,18
501907,Hyderabad,Hyderabad,Telangana,Operational,Green,,,,172
509488,Ranga Reddy,Ranga Reddy,Telangana,Red,,Delinquency,,,92
505982,Ranga Reddy,Ranga Reddy,Telangana,Operational,Green,,,,164
503653,Medchal Malkajgiri,Medchal Malkajgiri,Telangana,Operational,Green,,,,52
504694,Medchal Malkajgiri,Medchal Malkajgiri,Telangana,Red,,Delinquency,,,4
509501,Medchal Malkajgiri,Medchal Malkajgiri,Telangana,Operational,Green,,,,20
502292,Medchal Malkajgiri,Medchal Malkajgiri,Telangana,Red,,Delinquency,,,178
504216,Nizamabad,Nizamabad,Telangana,Operational,Green,,,,62
505496,Ranga Reddy,Ranga Reddy,Telangana,Operational,Green,,,,54
505961,Karimnagar,Karimnagar,Telangana,Red,,Delinquency,,,48
509740,Hyderabad,Hyderabad,Telangana,Red,,Delinquency,,,102
509234,Nizamabad,Nizamabad,Telangana,Operational,Green,,,,109
503762,Karimnagar,Karimnagar,Telangana,Operational,Green,,,,112
503526,Ranga Reddy,Ranga Reddy,Telangana,Red,,Delinquency,,,10
506531,Karimnagar,Karimnagar,Telangana,Operational,Green,,,,105
501674,Hyderabad,Hyderabad,Telangana,Operational,Green,,,,10
502330,Hyderabad,Hyderabad,Telangana,Red,,Delinquency,,,7
505336,Nizamabad,Nizamabad,Telangana,Red,,Delinquency,,,191
504453,Karimnagar,Karimnagar,Telangana,Red,,Delinquency,,,32
507825,Karimnagar,Karimnagar,Telangana,Red,,Delinquency,,,37
501496,Warangal,Warangal,Telangana,Operational,Green,,,,156
509938,Medchal Malkajgiri,Medchal Malkajgiri,Telangana,Red,,Delinquency,,,134
505949,Warangal,Warangal,Telangana,Operational,Green,,,,70
505012,Nizamabad,Nizamabad,Telangana,Red,,Delinquency,,,141
507653,Medchal Malkajgiri,Medchal Malkajgiri,Telangana,Red,,Delinquency,,,25
508430,Hyderabad,Hyderabad,Telangana,Operational,Green,,,,168
501981,Ranga Reddy,Ranga Reddy,Telangana,Operational,Green,,,,184
508202,Warangal,Warangal,Telangana,Operational,Green,,,,57
508933,Warangal,Warangal,Telangana,Operational,Green,,,,18
504342,Medchal Malkajgiri,Medchal Malkajgiri,Telangana,Operational,Green,,,,79
503353,Medchal Malkajgiri,Medchal Malkajgiri,Telangana,Operational,Green,,,,162
506231,Nizamabad,Nizamabad,Telangana,Operational,Green,,,,140
506658,Warangal,Warangal,Telangana,Red,,Delinquency,,,115
503142,Medchal Malkajgiri,Medchal Malkajgiri,Telangana,Red,,Delinquency,,,190
509437,Karimnagar,Karimnagar,Telangana,Operational,Green,,,,67
502739,Medchal Malkajgiri,Medchal Malkajgiri,Telangana,Operational,Green,,,,123
504960,Warangal,Warangal,Telangana,Operational,Green,,,,188
503007,Medchal Malkajgiri,Medchal Malkajgiri,Telangana,Operational,Green,,,,32
508366,Ranga Reddy,Ranga Reddy,Telangana,Operational,Green,,,,13
503308,Hyderabad,Hyderabad,Telangana,Non-Operational,,,,,189
501829,Medchal Malkajgiri,Medchal Malkajgiri,Telangana,Operational,Green,,,,120
507293,Karimnagar,Karimnagar,Telangana,Red,,Delinquency,,,129
507850,Ranga Reddy,Ranga Reddy,Telangana,Non-Operational,,,,,126
503616,Medchal Malkajgiri,Medchal Malkajgiri,Telangana,Red,,Delinquency,,,110
506123,Ranga Reddy,Ranga Reddy,Telangana,Operational,Green,,,,68
503610,Warangal,Warangal,Telangana,Red,,Delinquency,,,169
509433,Warangal,Warangal,Telangana,Red,,Delinquency,,,134
509171,Medchal Malkajgiri,Medchal Malkajgiri,Telangana,Operational,Green,,,,42
509148,Hyderabad,Hyderabad,Telangana,Operational,Green,,,,115
502475,Warangal,Warangal,Telangana,Red,,Delinquency,,,68
509281,Warangal,Warangal,Telangana,Operational,Green,,,,193
504944,Ranga Reddy,Ranga Reddy,Telangana,Red,,Delinquency,,,89
506781,Hyderabad,Hyderabad,Telangana,Red,,Delinquency,,,142
501828,Medchal Malkajgiri,Medchal Malkajgiri,Telangana,Red,,Delinquency,,,162
509108,Karimnagar,Karimnagar,Telangana,Operational,Green,,,,122
508710,Medchal Malkajgiri,Medchal Malkajgiri,Telangana,Operational,Green,,,,44
509793,Hyderabad,Hyderabad,Telangana,Red,,Delinquency,,,148
502761,Warangal,Warangal,Telangana,Red,,Delinquency,,,139
503194,Medchal Malkajgiri,Medchal Malkajgiri,Telangana,Red,,Delinquency,,,198
506992,Warangal,Warangal,Telangana,Red,,Delinquency,,,116
506995,Hyderabad,Hyderabad,Telangana,Operational,Green,,,,151
507563,Hyderabad,Hyderabad,Telangana,Operational,Green,,,,67
504189,Medchal Malkajgiri,Medchal Malkajgiri,Telangana,Operational,Green,,,,151
505728,Hyderabad,Hyderabad,Telangana,Operational,Green,,,,1
507329,Karimnagar,Karimnagar,Telangana,Operational,Green,,,,133
508378,Karimnagar,Karimnagar,Telangana,Operational,Green,,,,108
505582,Karimnagar,Karimnagar,Telangana,Operational,Green,,,,137
502946,Ranga Reddy,Ranga Reddy,Telangana,Red,,Delinquency,,,183
502584,Warangal,Warangal,Telangana,Operational,Green,,,,182
507114,Medchal Malkajgiri,Medchal Malkajgiri,Telangana,Operational,Green,,,,146
506990,Ranga Reddy,Ranga Reddy,Telangana,Red,,Delinquency,,,180
464261,Ujjain,Ujjain,Madhya Pradesh,Operational,Green,,,,141
469341,Gwalior,Gwalior,Madhya Pradesh,Operational,Green,,,,196
469193,Bhopal,Bhopal,Madhya Pradesh,Operational,Green,,,,195
461742,Bhopal,Bhopal,Madhya Pradesh,Operational,Green,,,,108
463245,Sagar,Sagar,Madhya Pradesh,Operational,Green,,,,7
466456,Rewa,Rewa,Madhya Pradesh,Operational,Green,,,,180
468761,Ujjain,Ujjain,Madhya Pradesh,Red,,Delinquency,,,122
468487,Indore,Indore,Madhya Pradesh,Red,,Delinquency,,,131
469446,Indore,Indore,Madhya Pradesh,Red,,Delinquency,,,105
466373,Ujjain,Ujjain,Madhya Pradesh,Operational,Green,,,,85
466218,Indore,Indore,Madhya Pradesh,Red,,Delinquency,,,134
467438,Ujjain,Ujjain,Madhya Pradesh,Operational,Green,,,,149
465902,Ujjain,Ujjain,Madhya Pradesh,Operational,Green,,,,76
466511,Ujjain,Ujjain,Madhya Pradesh,Operational,Green,,,,174
469351,Ujjain,Ujjain,Madhya Pradesh,Operational,Green,,,,200
469025,Sagar,Sagar,Madhya Pradesh,Operational,Green,,,,165
465911,Gwalior,Gwalior,Madhya Pradesh,Non-Operational,,,,,187
461272,Jabalpur,Jabalpur,Madhya Pradesh,Operational,Green,,,,105
466427,Sagar,Sagar,Madhya Pradesh,Red,,Delinquency,,,113
462795,Gwalior,Gwalior,Madhya Pradesh,Operational,Green,,,,161
466040,Rewa,Rewa,Madhya Pradesh,Red,,Delinquency,,,176
461436,Ujjain,Ujjain,Madhya Pradesh,Operational,Green,,,,128
468775,Jabalpur,Jabalpur,Madhya Pradesh,Red,,Delinquency,,,199
464728,Sagar,Sagar,Madhya Pradesh,Operational,Green,,,,113
461841,Ujjain,Ujjain,Madhya Pradesh,Operational,Green,,,,141
468871,Indore,Indore,Madhya Pradesh,Red,,Delinquency,,,161
469589,Sagar,Sagar,Madhya Pradesh,Operational,Green,,,,179
467229,Indore,Indore,Madhya Pradesh,Red,,Delinquency,,,89
464968,Bhopal,Bhopal,Madhya Pradesh,Operational,Green,,,,149
462800,Indore,Indore,Madhya Pradesh,Red,,Delinquency,,,131
461310,Gwalior,Gwalior,Madhya Pradesh,Red,,Delinquency,,,67
466139,Gwalior,Gwalior,Madhya Pradesh,Operational,Green,,,,73
463481,Gwalior,Gwalior,Madhya Pradesh,Operational,Green,,,,142
464340,Gwalior,Gwalior,Madhya Pradesh,Operational,Green,,,,83
469221,Rewa,Rewa,Madhya Pradesh,Operational,Green,,,,24
468726,Rewa,Rewa,Madhya Pradesh,Operational,Green,,,,146
462020,Sagar,Sagar,Madhya Pradesh,Red,,Delinquency,,,198
463262,Ujjain,Ujjain,Madhya Pradesh,Operational,Green,,,,88
464397,Ujjain,Ujjain,Madhya Pradesh,Operational,Green,,,,123
466325,Sagar,Sagar,Madhya Pradesh,Operational,Green,,,,133
468837,Ujjain,Ujjain,Madhya Pradesh,Operational,Green,,,,153
467173,Jabalpur,Jabalpur,Madhya Pradesh,Operational,Green,,,,97
463837,Gwalior,Gwalior,Madhya Pradesh,Red,,Delinquency,,,71
469734,Jabalpur,Jabalpur,Madhya Pradesh,Operational,Green,,,,98
469950,Jabalpur,Jabalpur,Madhya Pradesh,Red,,Delinquency,,,127
465331,Ujjain,Ujjain,Madhya Pradesh,Red,,Delinquency,,,26
468932,Indore,Indore,Madhya Pradesh,Operational,Green,,,,141
465038,Jabalpur,Jabalpur,Madhya Pradesh,Operational,Green,,,,195
465890,Indore,Indore,Madhya Pradesh,Red,,Delinquency,,,197
465876,Rewa,Rewa,Madhya Pradesh,Operational,Green,,,,30
465735,Sagar,Sagar,Madhya Pradesh,Red,,Delinquency,,,102
464396,Sagar,Sagar,Madhya Pradesh,Operational,Green,,,,33
469011,Jabalpur,Jabalpur,Madhya Pradesh,Operational,Green,,,,45
468861,Jabalpur,Jabalpur,Madhya Pradesh,Operational,Green,,,,108
465480,Jabalpur,Jabalpur,Madhya Pradesh,Red,,Delinquency,,,8
462996,Ujjain,Ujjain,Madhya Pradesh,Red,,Delinquency,,,196
469899,Gwalior,Gwalior,Madhya Pradesh,Red,,Delinquency,,,192
467464,Rewa,Rewa,Madhya Pradesh,Operational,Green,,,,163
466654,Rewa,Rewa,Madhya Pradesh,Operational,Green,,,,138
463399,Jabalpur,Jabalpur,Madhya Pradesh,Operational,Green,,,,86
461689,Jabalpur,Jabalpur,Madhya Pradesh,Operational,Green,,,,85
462294,Jabalpur,Jabalpur,Madhya Pradesh,Operational,Green,,,,98
468247,Sagar,Sagar,Madhya Pradesh,Operational,Green,,,,117
465201,Sagar,Sagar,Madhya Pradesh,Operational,Green,,,,109
468849,Indore,Indore,Madhya Pradesh,Operational,Green,,,,7
464310,Rewa,Rewa,Madhya Pradesh,Red,,Delinquency,,,37
469824,Jabalpur,Jabalpur,Madhya Pradesh,Operational,Green,,,,28
465450,Indore,Indore,Madhya Pradesh,Operational,Green,,,,183
462789,Ujjain,Ujjain,Madhya Pradesh,Red,,Delinquency,,,82
464920,Indore,Indore,Madhya Pradesh,Operational,Green,,,,21
461831,Sagar,Sagar,Madhya Pradesh,Operational,Green,,,,70
469700,Indore,Indore,Madhya Pradesh,Operational,Green,,,,147
464814,Bhopal,Bhopal,Madhya Pradesh,Non-Operational,,,,,76
462641,Gwalior,Gwalior,Madhya Pradesh,Operational,Green,,,,176
466411,Sagar,Sagar,Madhya Pradesh,Operational,Green,,,,139
468739,Bhopal,Bhopal,Madhya Pradesh,Operational,Green,,,,16
463252,Bhopal,Bhopal,Madhya Pradesh,Operational,Green,,,,105
463587,Gwalior,Gwalior,Madhya Pradesh,Operational,Green,,,,176
468793,Gwalior,Gwalior,Madhya Pradesh,Red,,Delinquency,,,189
464267,Rewa,Rewa,Madhya Pradesh,Operational,Green,,,,36
465706,Jabalpur,Jabalpur,Madhya Pradesh,Operational,Green,,,,136
465676,Sagar,Sagar,Madhya Pradesh,Operational,Green,,,,14
461969,Rewa,Rewa,Madhya Pradesh,Operational,Green,,,,56
462465,Sagar,Sagar,Madhya Pradesh,Operational,Green,,,,7
464804,Ujjain,Ujjain,Madhya Pradesh,Operational,Green,,,,107
461611,Indore,Indore,Madhya Pradesh,Red,,Delinquency,,,42
467846,Rewa,Rewa,Madhya Pradesh,Red,,Delinquency,,,176
463880,Bhopal,Bhopal,Madhya Pradesh,Operational,Green,,,,5
467504,Rewa,Rewa,Madhya Pradesh,Red,,Delinquency,,,181
469116,Indore,Indore,Madhya Pradesh,Non-Operational,,,,,38
465742,Bhopal,Bhopal,Madhya Pradesh,Operational,Green,,,,46
461151,Jabalpur,Jabalpur,Madhya Pradesh,Red,,Delinquency,,,48
462758,Jabalpur,Jabalpur,Madhya Pradesh,Operational,Green,,,,193
465662,Gwalior,Gwalior,Madhya Pradesh,Operational,Green,,,,80
469901,Ujjain,Ujjain,Madhya Pradesh,Non-Operational,,,,,190
469092,Indore,Indore,Madhya Pradesh,Operational,Green,,,,25
469261,Gwalior,Gwalior,Madhya Pradesh,Red,,Delinquency,,,34
465470,Indore,Indore,Madhya Pradesh,Red,,Delinquency,,,99
462845,Jabalpur,Jabalpur,Madhya Pradesh,Operational,Green,,,,157
463662,Sagar,Sagar,Madhya Pradesh,Operational,Green,,,,114
468518,Sagar,Sagar,Madhya Pradesh,Operational,Green,,,,128
465215,Sagar,Sagar,Madhya Pradesh,Operational,Green,,,,30
464050,Bhopal,Bhopal,Madhya Pradesh,Red,,Delinquency,,,113
466523,Rewa,Rewa,Madhya Pradesh,Operational,Green,,,,30
465833,Ujjain,Ujjain,Madhya Pradesh,Operational,Green,,,,29
464164,Indore,Indore,Madhya Pradesh,Operational,Green,,,,157
467643,Rewa,Rewa,Madhya Pradesh,Non-Operational,,,,,134
468007,Ujjain,Ujjain,Madhya Pradesh,Red,,Delinquency,,,102
466372,Bhopal,Bhopal,Madhya Pradesh,Red,,Delinquency,,,188
467567,Sagar,Sagar,Madhya Pradesh,Operational,Green,,,,130
462562,Indore,Indore,Madhya Pradesh,Operational,Green,,,,199
463303,Gwalior,Gwalior,Madhya Pradesh,Red,,Delinquency,,,132
466301,Indore,Indore,Madhya Pradesh,Operational,Green,,,,16
461111,Jabalpur,Jabalpur,Madhya Pradesh,Operational,Green,,,,142
467284,Indore,Indore,Madhya Pradesh,Red,,Delinquency,,,183
468319,Rewa,Rewa,Madhya Pradesh,Red,,Delinquency,,,197
465374,Jabalpur,Jabalpur,Madhya Pradesh,Operational,Green,,,,175
465947,Ujjain,Ujjain,Madhya Pradesh,Red,,Delinquency,,,33
461187,Jabalpur,Jabalpur,Madhya Pradesh,Operational,Green,,,,182
466890,Sagar,Sagar,Madhya Pradesh,Operational,Green,,,,171
